kolona,n,aritmeticka_sredina,geometrijska_sredina,harmonijska_sredina,10_perc_trimovana,raspon,varijansa_uzorka,std_devijacija,IQR,koeficijent_varijacije_perc,asimetrija,spljostenost,q1,q3,p95,mod,medijana
godine,1191,42.04869857262804,39.849599212095214,37.48740638431842,41.855194123819516,61.0,171.95729032167023,13.113248656289189,19.0,0.3117276587150289,0.14821135146575296,-0.4317182086137521,32.0,51.0,64.0,43.0,43.0
staz_meseci,1191,41.48110831234257,25.51689218715662,11.681137022113266,34.51731374606506,179.0,1541.4296848210315,39.26104538624808,42.0,0.9460827141527172,1.6179713442622141,2.3851963523111284,14.0,56.0,131.0,3.0,29.0
mesecni_racun_rsd,1191,2673.323679261125,1947.0049109567517,22.075050923719136,2452.105981112277,9674.875,2889828.2683822624,1699.9494899502934,2102.5,0.6356266128537235,1.1375165932650422,1.1847362868001934,1377.5,3480.0,6428.0,2361.0,2361.0
potrosnja_gb,1191,7.743324937027707,5.788544348742267,4.10542779290369,6.820041972717734,63.800000000000004,38.30351633046165,6.18898346503379,6.8,0.7989313040448078,2.306725446470146,10.112875999197207,3.3,10.1,18.8,6.5,6.3
minuti_poziva,1191,256.62132661628885,0.0,0.0,255.6726128016789,728.0,15992.991780087348,126.46340095097612,180.5,0.49259467325100753,0.12278927974511698,-0.19458825109395583,164.5,345.0,460.0,0.0,259.0
broj_sms,1191,38.39966414777498,37.90624343186568,37.40679270067187,38.257082896117524,39.0,37.66198308038581,6.136935968411746,9.0,0.15975033073924796,0.21609207709857844,-0.12207392076915902,34.0,43.0,49.0,37.0,38.0
broj_reklamacija,1191,0.7573467674223342,0.0,0.0,0.5708289611752361,7.0,1.0662800132647519,1.032608354248963,1.0,1.3628826356005286,1.7528494868040456,3.941650437764956,0.0,1.0,3.0,0.0,0.0
datum_aktivacije,1191,1.6230211746254167e+18,,,1.695260111647429e+18,1.1008828036854776e+19,6.06773461244945e+35,7.789566491435483e+17,1.12968e+17,0.4797408528857299,-13.617366104187456,187.48797062896043,1.6377552e+18,1.7507232e+18,1.7788896e+18,-9.223372036854776e+18,1.709856e+18
ocena_zadovoljstva,1095,3.6182648401826483,3.4617842210371883,3.268981988257538,3.6670467502850626,4.0,0.9620061272361491,0.9808191103542738,1.0,0.2709506320711625,-0.31192248615461343,-0.5004257308782112,3.0,4.0,5.0,4.0,4.0
mesecni_racun_rsd_outlier,1191,0.03526448362720403,0.0,0.0,0.0,1.0,0.03404948881315751,0.1845250357354186,0.0,5.230405611149374,5.0392158499063155,23.497259137395986,0.0,0.0,0.0,0.0,0.0
potrosnja_gb_outlier,1191,0.036943744752308987,0.0,0.0,0.0,1.0,0.03560880271504068,0.18870294834750378,0.0,5.10570091350657,4.909841419004136,22.20468546827718,0.0,0.0,0.0,0.0,0.0
godine_inputirano,1191,0.04617968094038623,0.0,0.0,0.0,1.0,0.04408413239351156,0.20996221658553607,0.0,4.544727214536144,4.324692006085888,16.778349831943157,0.0,0.0,0.0,0.0,0.0
ocena_poznata,1191,0.9193954659949622,0.0,0.0,1.0,1.0,0.07416971826513981,0.2723411798923178,0.0,0.2960932840790421,-3.081220737447532,7.530531974079857,1.0,1.0,1.0,1.0,1.0
churn_flag,1191,0.22334172963895885,0.0,0.0,0.15424973767051417,1.0,0.1736059663159974,0.41666049286679124,0.0,1.864790500035475,1.3285372319171658,-0.23092357994752666,0.0,0.0,1.0,0.0,0.0
godina_aktivacije,1185,2022.675105485232,2022.6724131228793,2022.6697160420886,2023.2423603793468,15.0,10.881685482951307,3.298739984138081,4.0,0.001630191526072046,-1.6058898871418485,2.377938430920471,2021.0,2025.0,2026.0,2025.0,2024.0
racun_po_gb,1191,660.0707820816584,336.35484046689527,2.955622279993236,473.75868013944853,8694.983396825397,770483.5511969348,877.7719243612971,564.5501180483575,1.3292564505628128,3.657967860563084,19.2937324652643,185.08414121090178,749.6342592592592,2310.392857142857,220.0,376.38655462184875
