kolona,klasa,broj_problema,primeri_problema
region,nedostajuce_vrednosti,24,"[nan, nan, nan, nan, nan]"
godine,nedostajuce_vrednosti,48,"[nan, nan, nan, nan, nan]"
mesecni_racun_rsd,nedostajuce_vrednosti,36,"[nan, nan, nan, nan, nan]"
potrosnja_gb,nedostajuce_vrednosti,36,"[nan, nan, nan, nan, nan]"
kanal_prodaje,nedostajuce_vrednosti,12,"[nan, nan, nan, nan, nan]"
ocena_zadovoljstva,nedostajuce_vrednosti,96,"[nan, nan, nan, nan, nan]"
mesecni_racun_rsd,nenumericke_u_numerickim,34,"['2235 RSD', '3.274,00', '1.861 din', '2.549,00', '1250 RSD']"
potrosnja_gb,nenumericke_u_numerickim,18,"['4,5', '1,8', '6,4', '10,2', '7,5']"
id_korisnika,duplikati_potpuni,32,"['K00049', 'K00835', 'K00533', 'K00093', 'K00492']"
region,duplikati_potpuni,1214,"['Šumadija i Zapadna Srbija', 'Beograd', 'Južna i Istočna Srbija']"
pol,duplikati_potpuni,1222,"['Ž', 'M']"
godine,duplikati_potpuni,1164,"[34.0, 55.0]"
tip_paketa,duplikati_potpuni,1220,"['Postpaid', 'Prepaid']"
staz_meseci,duplikati_potpuni,1072,"[5, 1, 13, 34, 24]"
mesecni_racun_rsd,duplikati_potpuni,204,"[nan, 350]"
potrosnja_gb,duplikati_potpuni,983,"[1.8, 10.1, 2, 4.7, nan]"
minuti_poziva,duplikati_potpuni,783,"[272, 307, 358]"
broj_sms,duplikati_potpuni,1195,"[39, 31, 46, 40]"
broj_reklamacija,duplikati_potpuni,1224,"[0, 1]"
kanal_prodaje,duplikati_potpuni,1219,"['Online', 'Poslovnica']"
datum_aktivacije,duplikati_potpuni,218,"['2023-10-14', '2024-12-31', '2024-05-29', '2025-02-27', '2025-02-26']"
ocena_zadovoljstva,duplikati_potpuni,1226,"[4.0, 3.0, 5.0]"
churn,duplikati_potpuni,1221,"['Ne', 'Da']"
region,nedosledne_kategorije,62,"{'VOJVODINA': 9, 'šumadija i zapadna srbija': 8, 'Juzna i Istocna Srbija': 8, 'Sumadija i Zapadna Srbija': 8, 'BEOGRAD': 6, 'južna i istočna srbija': 5, 'vojvodina': 5, 'Beograd ': 4, 'Vojvodina ': 3, 'beograd': 2, 'BG': 2, 'JUŽNA I ISTOČNA SRBIJA': 1, 'ŠUMADIJA I ZAPADNA SRBIJA': 1}"
pol,nedosledne_kategorije,30,"{'m': 8, 'Z': 4, 'muski': 4, 'M ': 4, 'Muški': 4, 'ž': 3, 'zenski': 2, 'Ženski': 1}"
tip_paketa,nedosledne_kategorije,30,"{'Post-paid': 7, 'POSTPAID': 6, 'Pre-paid': 4, 'BIZNIS': 4, 'postpaid': 4, 'biznis': 2, 'PREPAID': 1, 'Business': 1, 'prepaid': 1}"
kanal_prodaje,nedosledne_kategorije,24,"{' Poslovnica ': 7, ' Online ': 5, 'poslovnica': 4, 'online': 3, 'call centar': 2, 'partner': 1, ' Call centar ': 1, ' Partner ': 1}"
churn,nedosledne_kategorije,40,"{'0': 13, 'NE': 8, 'Ne ': 6, '1': 3, 'DA': 3, 'ne': 3, 'No': 2, 'Da ': 1, 'Yes': 1}"
godine,negativne_vrednosti,3,"[-26.0, -19.0, -21.0]"
staz_meseci,negativne_vrednosti,5,"[-4, -9, -9, -3, -3]"
minuti_poziva,negativne_vrednosti,4,"[-139, -98, -62, -14]"
datum_aktivacije,van_opsega,6,"[Timestamp('2027-09-02 00:00:00'), Timestamp('2027-11-10 00:00:00'), Timestamp('2027-06-27 00:00:00'), Timestamp('2027-03-10 00:00:00'), Timestamp('2027-12-25 00:00:00')]"
